{
  "n_trials": 100,
  "n_obs": 1000,
  "p50_ms": 0.03649998689070344,
  "p90_ms": 0.11244001798331756,
  "p95_ms": 0.18387499731034038,
  "p99_ms": 0.21448000101372613
}